{
  "version": 1,
  "author": "Sandeep Roy",
  "editor": "wokwi",
  "parts": [
    {
      "type": "wokwi-pi-pico",
      "id": "pico",
      "top": -36,
      "left": 4,
      "attrs": { "env": "micropython-20220117-v1.18" }
    },
    { "type": "wokwi-rgb-led", "id": "rgb1", "top": -98.87, "left": -221.91, "attrs": {} },
    {
      "type": "wokwi-resistor",
      "id": "r1",
      "top": 85.13,
      "left": -136.58,
      "attrs": { "value": "1000" }
    },
    {
      "type": "wokwi-resistor",
      "id": "r2",
      "top": 67.13,
      "left": -101.91,
      "attrs": { "value": "1000" }
    },
    {
      "type": "wokwi-resistor",
      "id": "r3",
      "top": 22.47,
      "left": -89.25,
      "attrs": { "value": "1000" }
    }
  ],
  "connections": [
    [ "r1:2", "pico:GP15", "green", [ "v0" ] ],
    [ "rgb1:R", "r1:1", "green", [ "v0" ] ],
    [ "rgb1:G", "r2:1", "green", [ "v0" ] ],
    [ "rgb1:B", "r3:1", "green", [ "v0" ] ],
    [ "r3:2", "pico:GP14", "green", [ "v0" ] ],
    [ "r2:2", "pico:GP13", "green", [ "v0" ] ],
    [ "rgb1:COM", "pico:3V3", "green", [ "v0" ] ]
  ]
}