{
  "version": 1,
  "author": "Sandeep Roy",
  "editor": "wokwi",
  "parts": [
    {
      "type": "wokwi-pi-pico",
      "id": "pico",
      "top": -3.33,
      "left": -141.33,
      "attrs": { "env": "micropython-20220117-v1.18" }
    },
    { "type": "wokwi-servo", "id": "servo1", "top": 26.29, "left": 72.02, "attrs": {} }
  ],
  "connections": [
    [ "pico:3V3_EN", "servo1:PWM", "green", [ "h89.02", "v57.71" ] ],
    [ "pico:GND.4", "servo1:GND", "black", [ "h-13.32", "v54.64", "h205.33", "v-154" ] ],
    [ "servo1:V+", "pico:GP16", "green", [ "h-94.67", "v102.24" ] ]
  ]
}