{
  "version": 1,
  "author": "Sandeep Roy",
  "editor": "wokwi",
  "parts": [
    {
      "type": "wokwi-pi-pico",
      "id": "pico",
      "top": 0,
      "left": 0,
      "attrs": { "env": "micropython-20220117-v1.18" }
    },
    {
      "type": "wokwi-led",
      "id": "led1",
      "top": -77.54,
      "left": -209.25,
      "attrs": { "color": "blue" }
    },
    {
      "type": "wokwi-resistor",
      "id": "r1",
      "top": -90.2,
      "left": 86.09,
      "attrs": { "value": "1000" }
    },
    {
      "type": "wokwi-led",
      "id": "led2",
      "top": -76.87,
      "left": -247.91,
      "attrs": { "color": "blue" }
    },
    {
      "type": "wokwi-led",
      "id": "led3",
      "top": -36.87,
      "left": -229.92,
      "attrs": { "color": "blue" }
    },
    {
      "type": "wokwi-led",
      "id": "led4",
      "top": -76.87,
      "left": -229.25,
      "attrs": { "color": "blue" }
    },
    {
      "type": "wokwi-led",
      "id": "led5",
      "top": -38.2,
      "left": -249.91,
      "attrs": { "color": "blue" }
    },
    {
      "type": "wokwi-led",
      "id": "led6",
      "top": -36.87,
      "left": -210.58,
      "attrs": { "color": "blue" }
    },
    {
      "type": "wokwi-led",
      "id": "led7",
      "top": 2.29,
      "left": -249.98,
      "attrs": { "color": "blue" }
    },
    {
      "type": "wokwi-led",
      "id": "led8",
      "top": 2.96,
      "left": -229.32,
      "attrs": { "color": "blue" }
    },
    {
      "type": "wokwi-led",
      "id": "led9",
      "top": 2.28,
      "left": -209.31,
      "attrs": { "color": "blue" }
    }
  ],
  "connections": [
    [ "r1:2", "pico:GND.8", "green", [ "v109.4", "h129" ] ],
    [ "led2:A", "pico:GP15", "green", [ "v0" ] ],
    [ "led2:C", "r1:1", "green", [ "v0" ] ],
    [ "led1:C", "r1:1", "green", [ "v0" ] ],
    [ "led1:A", "pico:GP14", "green", [ "v0" ] ],
    [ "led3:A", "pico:GP13", "green", [ "v0" ] ],
    [ "led4:A", "pico:GP12", "green", [ "v0" ] ],
    [ "led5:A", "pico:GP11", "green", [ "v0" ] ],
    [ "led6:A", "pico:GP10", "green", [ "v0" ] ],
    [ "led4:C", "r1:1", "green", [ "v0" ] ],
    [ "led5:C", "r1:1", "green", [ "v0" ] ],
    [ "led6:C", "r1:1", "green", [ "v0" ] ],
    [ "led3:C", "r1:1", "green", [ "v0" ] ],
    [ "led7:C", "r1:1", "green", [ "v0" ] ],
    [ "led7:A", "pico:GP9", "green", [ "v0" ] ],
    [ "led8:C", "r1:1", "green", [ "v0" ] ],
    [ "led8:A", "pico:GP8", "green", [ "v0" ] ],
    [ "led9:C", "r1:1", "green", [ "v0" ] ],
    [ "led9:A", "pico:GP7", "green", [ "v0" ] ]
  ]
}