{
  "version": 1,
  "author": "Sandeep Roy",
  "editor": "wokwi",
  "parts": [
    {
      "type": "wokwi-pi-pico",
      "id": "pico",
      "top": 102.96,
      "left": -221.95,
      "attrs": { "env": "micropython-20220117-v1.18" }
    },
    {
      "type": "wokwi-lcd1602",
      "id": "lcd1",
      "top": -40.42,
      "left": -220.57,
      "attrs": { "pins": "i2c" }
    }
  ],
  "connections": [
    [ "lcd1:GND", "pico:GND.8", "black", [ "h-37", "v-40.2", "h360.37", "v4.79" ] ],
    [
      "lcd1:VCC",
      "pico:VBUS",
      "red",
      [ "h-43.15", "v-55.86", "h370.63", "v195.57", "h-242.07", "v-25.3" ]
    ],
    [ "lcd1:SCL", "pico:GP9", "green", [ "h-27.82", "v187.2" ] ],
    [ "lcd1:SDA", "pico:GP8", "green", [ "h-39.02", "v229.5" ] ]
  ]
}