{
  "version": 1,
  "author": "Sandeep Roy",
  "editor": "wokwi",
  "parts": [
    {
      "type": "wokwi-pi-pico",
      "id": "pico",
      "top": -36,
      "left": 142,
      "attrs": { "env": "micropython-20220117-v1.18" }
    },
    { "type": "wokwi-7segment", "id": "sevseg1", "top": 37.62, "left": -127.31, "attrs": {} },
    { "type": "wokwi-slide-switch", "id": "sw1", "top": 234.29, "left": 1.36, "attrs": {} }
  ],
  "connections": [
    [ "sevseg1:G", "pico:GP7", "green", [ "v-14.71", "h-17.85", "v97.33", "h266.67", "v0.67" ] ],
    [ "sevseg1:F", "pico:GP8", "green", [ "v-26.71", "h-42.12", "v119.33", "h285.33", "v-6" ] ],
    [ "sevseg1:A", "pico:GP2", "green", [ "v-72.71", "h208.01", "v6" ] ],
    [ "sevseg1:B", "pico:GP3", "green", [ "v-60.71", "h188.41", "v29.33", "h0", "v-2" ] ],
    [ "sevseg1:C", "pico:GP4", "green", [ "v11.03", "h200.67", "v-90.67" ] ],
    [ "sevseg1:D", "pico:GP5", "green", [ "v43.03", "h228.54", "v-114.67", "h2.67" ] ],
    [ "sevseg1:E", "pico:GP6", "green", [ "v57.7", "h211.48", "v-110" ] ],
    [ "sevseg1:COM.2", "pico:VSYS", "green", [ "h-1.06", "v-90.04", "h356", "v35.33" ] ],
    [ "sw1:3", "pico:GND.3", "green", [ "v6.4", "h100.49", "v-100" ] ],
    [ "sw1:2", "pico:GP11", "green", [ "v7.74", "h115.99", "v-163.33" ] ],
    [ "sw1:1", "pico:3V3", "green", [ "v15.74", "h236.83", "v-266.67" ] ]
  ]
}