{
  "version": 1,
  "author": "Sandeep Roy",
  "editor": "wokwi",
  "parts": [
    {
      "type": "wokwi-pi-pico",
      "id": "pico",
      "top": 0,
      "left": 0,
      "attrs": { "env": "micropython-20220117-v1.18" }
    },
    {
      "type": "wokwi-led",
      "id": "led1",
      "top": -74.87,
      "left": -211.25,
      "attrs": { "color": "blue" }
    },
    {
      "type": "wokwi-resistor",
      "id": "r1",
      "top": -88.2,
      "left": -105.91,
      "attrs": { "value": "1000" }
    },
    {
      "type": "wokwi-led",
      "id": "led2",
      "top": -76.87,
      "left": -247.91,
      "attrs": { "color": "red" }
    },
    {
      "type": "wokwi-led",
      "id": "led3",
      "top": -76.87,
      "left": -173.25,
      "attrs": { "color": "green" }
    },
    {
      "type": "wokwi-led",
      "id": "led4",
      "top": -76.87,
      "left": -229.25,
      "attrs": { "color": "green" }
    },
    {
      "type": "wokwi-led",
      "id": "led5",
      "top": -76.2,
      "left": -191.91,
      "attrs": { "color": "red" }
    },
    {
      "type": "wokwi-led",
      "id": "led6",
      "top": -76.87,
      "left": -152.58,
      "attrs": { "color": "blue" }
    }
  ],
  "connections": [
    [ "r1:2", "pico:GND.8", "green", [ "v109.4", "h129" ] ],
    [ "led2:A", "pico:GP15", "green", [ "v0" ] ],
    [ "led2:C", "r1:1", "green", [ "v0" ] ],
    [ "led1:C", "r1:1", "green", [ "v0" ] ],
    [ "led1:A", "pico:GP14", "green", [ "v0" ] ],
    [ "led3:A", "pico:GP13", "green", [ "v0" ] ],
    [ "led3:C", "r1:1", "green", [ "v0" ] ],
    [ "led4:A", "pico:GP12", "green", [ "v0" ] ],
    [ "led5:A", "pico:GP11", "green", [ "v0" ] ],
    [ "led6:A", "pico:GP10", "green", [ "v0" ] ],
    [ "led4:C", "r1:1", "green", [ "v0" ] ],
    [ "led5:C", "r1:1", "green", [ "v0" ] ],
    [ "led6:C", "r1:1", "green", [ "v0" ] ]
  ]
}